time,roll,pitch,yaw
0.000000,90.000000,-45.000000,0.000000
0.020000,90.000000,-44.999990,-0.000000
0.040000,90.000000,-44.999963,0.000000
0.060000,90.000000,-44.999920,0.000000
0.080000,90.000000,-44.999865,0.000000
0.100000,90.000000,-44.999798,-0.000000
0.120000,90.000000,-44.999724,0.000000
0.140000,90.000000,-44.999644,0.000000
0.160000,90.000000,-44.999562,0.000000
0.180000,90.000000,-44.999481,0.000000
0.200000,90.000000,-44.999404,0.000000
0.220000,90.000000,-44.999334,0.000000
0.240000,90.000000,-44.999275,0.000000
0.260000,90.000000,-44.999230,0.000000
0.280000,90.000000,-44.999204,0.000000
0.300000,90.000000,-44.999199,0.000000
0.320000,90.000000,-44.999221,0.000000
0.340000,90.000000,-44.999272,0.000000
0.360000,90.000000,-44.999358,0.000000
0.380000,90.000000,-44.999483,0.000000
0.400000,90.000000,-44.999652,-0.000000
0.420000,90.000000,-44.999868,0.000000
0.440000,90.000000,-45.000138,-0.000000
0.460000,90.000000,-45.000465,-0.000000
0.480000,90.000000,-45.000854,0.000000
0.500000,90.000000,-45.001312,-0.000000
0.520000,90.000000,-45.001843,0.000000
0.540000,90.000000,-45.002453,0.000000
0.560000,90.000000,-45.003146,0.000000
0.580000,90.000000,-45.003929,0.000000
0.600000,90.000000,-45.004807,0.000000
0.620000,90.000000,-45.005787,0.000000
0.640000,90.000000,-45.006873,0.000000
0.660000,90.000000,-45.008072,0.000000
0.680000,90.000000,-45.009391,0.000000
0.700000,90.000000,-45.010834,-0.000000
0.720000,90.000000,-45.012410,0.000000
0.740000,90.000000,-45.014122,0.000000
0.760000,90.000000,-45.015980,0.000000
0.780000,90.000000,-45.017987,0.000000
0.800000,90.000000,-45.020153,0.000000
0.820000,90.000000,-45.022482,0.000000
0.840000,90.000000,-45.024981,0.000000
0.860000,90.000000,-45.027658,-0.000000
0.880000,90.000000,-45.030519,-0.000000
0.900000,90.000000,-45.033571,0.000000
0.920000,90.000000,-45.036821,-0.000000
0.940000,90.000000,-45.040276,-0.000000
0.960000,90.000000,-45.043943,0.000000
0.980000,90.000000,-45.047828,0.000000
1.000000,90.000000,-45.051940,-0.000000
1.020000,90.000000,-45.056284,0.000000
1.040000,90.000000,-45.060868,0.000000
1.060000,90.000000,-45.065700,0.000000
1.080000,90.000000,-45.070785,0.000000
1.100000,90.000000,-45.076132,0.000000
1.120000,90.000000,-45.081747,0.000000
1.140000,90.000000,-45.087637,0.000000
1.160000,90.000000,-45.093810,0.000000
1.180000,90.000000,-45.100273,0.000000
1.200000,90.000000,-45.107032,0.000000
1.220000,90.000000,-45.114094,0.000000
1.240000,90.000000,-45.121467,0.000000
1.260000,90.000000,-45.129157,0.000000
1.280000,90.000000,-45.137172,-0.000000
1.300000,90.000000,-45.145517,0.000000
1.320000,90.000000,-45.154200,0.000000
1.340000,90.000000,-45.163228,0.000000
1.360000,90.000000,-45.172606,0.000000
1.380000,90.000000,-45.182342,0.000000
1.400000,90.000000,-45.192442,-0.000000
1.420000,90.000000,-45.202912,0.000000
1.440000,90.000000,-45.213758,-0.000000
1.460000,90.000000,-45.224987,0.000000
1.480000,90.000000,-45.236605,-0.000000
1.500000,90.000000,-45.248617,0.000000
1.520000,90.000000,-45.261030,-0.000000
1.540000,90.000000,-45.273849,0.000000
1.560000,90.000000,-45.287079,0.000000
1.580000,90.000000,-45.300727,0.000000
1.600000,90.000000,-45.314796,0.000000
1.620000,90.000000,-45.329293,0.000000
1.640000,90.000000,-45.344222,0.000000
1.660000,90.000000,-45.359589,0.000000
1.680000,90.000000,-45.375397,0.000000
1.700000,90.000000,-45.391651,-0.000000
1.720000,90.000000,-45.408356,0.000000
1.740000,90.000000,-45.425516,0.000000
1.760000,90.000000,-45.443134,0.000000
1.780000,90.000000,-45.461215,0.000000
1.800000,90.000000,-45.479761,0.000000
1.820000,90.000000,-45.498777,0.000000
1.840000,90.000000,-45.518265,0.000000
1.860000,90.000000,-45.538229,0.000000
1.880000,90.000000,-45.558671,0.000000
1.900000,90.000000,-45.579594,0.000000
1.920000,90.000000,-45.600999,0.000000
1.940000,90.000000,-45.622890,0.000000
1.960000,90.000000,-45.645267,0.000000
1.980000,90.000000,-45.668133,0.000000
2.000000,90.000000,-45.691490,0.000000
2.020000,90.000000,-45.715337,0.000000
2.040000,90.000000,-45.739677,-0.000000
2.060000,90.000000,-45.764509,0.000000
2.080000,90.000000,-45.789835,0.000000
2.100000,90.000000,-45.815654,0.000000
2.120000,90.000000,-45.841967,0.000000
2.140000,90.000000,-45.868774,0.000000
2.160000,90.000000,-45.896073,-0.000000
2.180000,90.000000,-45.923864,0.000000
2.200000,90.000000,-45.952146,0.000000
2.220000,90.000000,-45.980918,0.000000
2.240000,90.000000,-46.010179,0.000000
2.260000,90.000000,-46.039926,0.000000
2.280000,90.000000,-46.070158,0.000000
2.300000,90.000000,-46.100872,0.000000
2.320000,90.000000,-46.132066,-0.000000
2.340000,90.000000,-46.163737,0.000000
2.360000,90.000000,-46.195883,-0.000000
2.380000,90.000000,-46.228500,0.000000
2.400000,90.000000,-46.261584,-0.000000
2.420000,90.000000,-46.295132,0.000000
2.440000,90.000000,-46.329141,0.000000
2.460000,90.000000,-46.363605,0.000000
2.480000,90.000000,-46.398520,0.000000
2.500000,90.000000,-46.433882,0.000000
2.520000,90.000000,-46.469687,0.000000
2.540000,90.000000,-46.505928,-0.000000
2.560000,90.000000,-46.542601,0.000000
2.580000,90.000000,-46.579700,0.000000
2.600000,90.000000,-46.617219,0.000000
2.620000,90.000000,-46.655153,0.000000
2.640000,90.000000,-46.693496,0.000000
2.660000,90.000000,-46.732240,0.000000
2.680000,90.000000,-46.771380,0.000000
2.700000,90.000000,-46.810908,0.000000
2.720000,90.000000,-46.850819,0.000000
2.740000,90.000000,-46.891104,0.000000
2.760000,90.000000,-46.931758,-0.000000
2.780000,90.000000,-46.972771,0.000000
2.800000,90.000000,-47.014137,0.000000
2.820000,90.000000,-47.055848,0.000000
2.840000,90.000000,-47.097896,0.000000
2.860000,90.000000,-47.140273,0.000000
2.880000,90.000000,-47.182971,-0.000000
2.900000,90.000000,-47.225982,0.000000
2.920000,90.000000,-47.269297,0.000000
2.940000,90.000000,-47.312908,0.000000
2.960000,90.000000,-47.356806,0.000000
2.980000,90.000000,-47.400982,-0.000000
3.000000,90.000000,-47.445428,0.000000
3.020000,90.000000,-47.490135,0.000000
3.040000,90.000000,-47.535094,0.000000
3.060000,90.000000,-47.580295,0.000000
3.080000,90.000000,-47.625730,0.000000
3.100000,90.000000,-47.671389,0.000000
3.120000,90.000000,-47.717263,-0.000000
3.140000,90.000000,-47.763344,0.000000
3.160000,90.000000,-47.809621,0.000000
3.180000,90.000000,-47.856085,0.000000
3.200000,90.000000,-47.902727,0.000000
3.220000,90.000000,-47.949538,0.000000
3.240000,90.000000,-47.996508,-0.000000
3.260000,90.000000,-48.043628,0.000000
3.280000,90.000000,-48.090889,0.000000
3.300000,90.000000,-48.138280,0.000000
3.320000,90.000000,-48.185793,0.000000
3.340000,90.000000,-48.233419,0.000000
3.360000,90.000000,-48.281148,-0.000000
3.380000,90.000000,-48.328971,0.000000
3.400000,90.000000,-48.376879,0.000000
3.420000,90.000000,-48.424862,0.000000
3.440000,90.000000,-48.472912,-0.000000
3.460000,90.000000,-48.521020,0.000000
3.480000,90.000000,-48.569177,0.000000
3.500000,90.000000,-48.617373,0.000000
3.520000,90.000000,-48.665600,0.000000
3.540000,90.000000,-48.713850,0.000000
3.560000,90.000000,-48.762114,0.000000
3.580000,90.000000,-48.810383,0.000000
3.600000,90.000000,-48.858649,0.000000
3.620000,90.000000,-48.906904,0.000000
3.640000,90.000000,-48.955140,0.000000
3.660000,90.000000,-49.003348,0.000000
3.680000,90.000000,-49.051522,0.000000
3.700000,90.000000,-49.099652,0.000000
3.720000,90.000000,-49.147731,0.000000
3.740000,90.000000,-49.195752,0.000000
3.760000,90.000000,-49.243708,-0.000000
3.780000,90.000000,-49.291591,0.000000
3.800000,90.000000,-49.339395,0.000000
3.820000,90.000000,-49.387111,0.000000
3.840000,90.000000,-49.434734,0.000000
3.860000,90.000000,-49.482258,0.000000
3.880000,90.000000,-49.529674,-0.000000
3.900000,90.000000,-49.576978,0.000000
3.920000,90.000000,-49.624162,0.000000
3.940000,90.000000,-49.671222,0.000000
3.960000,90.000000,-49.718151,0.000000
3.980000,90.000000,-49.764944,0.000000
4.000000,90.000000,-49.811594,-0.000000
4.020000,90.000000,-49.858097,0.000000
4.040000,90.000000,-49.904448,0.000000
4.060000,90.000000,-49.950641,0.000000
4.080000,90.000000,-49.996672,0.000000
4.100000,90.000000,-50.042536,0.000000
4.120000,90.000000,-50.088229,0.000000
4.140000,90.000000,-50.133746,0.000000
4.160000,90.000000,-50.179083,0.000000
4.180000,90.000000,-50.224236,0.000000
4.200000,90.000000,-50.269201,0.000000
4.220000,90.000000,-50.313974,0.000000
4.240000,90.000000,-50.358553,0.000000
4.260000,90.000000,-50.402933,-0.000000
4.280000,90.000000,-50.447111,0.000000
4.300000,90.000000,-50.491085,-0.000000
4.320000,90.000000,-50.534851,-0.000000
4.340000,90.000000,-50.578406,0.000000
4.360000,90.000000,-50.621749,0.000000
4.380000,90.000000,-50.664876,0.000000
4.400000,90.000000,-50.707786,0.000000
4.420000,90.000000,-50.750475,0.000000
4.440000,90.000000,-50.792942,0.000000
4.460000,90.000000,-50.835186,0.000000
4.480000,90.000000,-50.877204,0.000000
4.500000,90.000000,-50.918995,0.000000
4.520000,90.000000,-50.960556,-0.000000
4.540000,90.000000,-51.001888,0.000000
4.560000,90.000000,-51.042988,0.000000
4.580000,90.000000,-51.083856,0.000000
4.600000,90.000000,-51.124490,0.000000
4.620000,90.000000,-51.164889,0.000000
4.640000,90.000000,-51.205053,-0.000000
4.660000,90.000000,-51.244982,0.000000
4.680000,90.000000,-51.284673,0.000000
4.700000,90.000000,-51.324127,0.000000
4.720000,90.000000,-51.363344,0.000000
4.740000,90.000000,-51.402323,0.000000
4.760000,90.000000,-51.441064,0.000000
4.780000,90.000000,-51.479567,0.000000
4.800000,90.000000,-51.517831,-0.000000
4.820000,90.000000,-51.555857,0.000000
4.840000,90.000000,-51.593646,0.000000
4.860000,90.000000,-51.631196,0.000000
4.880000,90.000000,-51.668509,0.000000
4.900000,90.000000,-51.705585,-0.000000
4.920000,90.000000,-51.742423,0.000000
4.940000,90.000000,-51.779026,0.000000
4.960000,90.000000,-51.815392,0.000000
4.980000,90.000000,-51.851523,0.000000
5.000000,90.000000,-51.887420,0.000000
5.020000,90.000000,-51.923082,0.000000
5.040000,90.000000,-51.958511,0.000000
5.060000,90.000000,-51.993708,0.000000
5.080000,90.000000,-52.028673,0.000000
5.100000,90.000000,-52.063407,0.000000
5.120000,90.000000,-52.097911,0.000000
5.140000,90.000000,-52.132187,0.000000
5.160000,90.000000,-52.166234,0.000000
5.180000,90.000000,-52.200055,0.000000
5.200000,90.000000,-52.233649,0.000000
5.220000,90.000000,-52.267018,0.000000
5.240000,90.000000,-52.300164,0.000000
5.260000,90.000000,-52.333087,0.000000
5.280000,90.000000,-52.365788,0.000000
5.300000,90.000000,-52.398269,0.000000
5.320000,90.000000,-52.430531,0.000000
5.340000,90.000000,-52.462574,0.000000
5.360000,90.000000,-52.494401,0.000000
5.380000,90.000000,-52.526012,0.000000
5.400000,90.000000,-52.557408,0.000000
5.420000,90.000000,-52.588591,0.000000
5.440000,90.000000,-52.619562,0.000000
5.460000,90.000000,-52.650322,0.000000
5.480000,90.000000,-52.680873,0.000000
5.500000,90.000000,-52.711215,0.000000
5.520000,90.000000,-52.741350,0.000000
5.540000,90.000000,-52.771280,0.000000
5.560000,90.000000,-52.801005,0.000000
5.580000,90.000000,-52.830526,0.000000
5.600000,90.000000,-52.859846,0.000000
5.620000,90.000000,-52.888964,0.000000
5.640000,90.000000,-52.917883,0.000000
5.660000,90.000000,-52.946604,0.000000
5.680000,90.000000,-52.975128,0.000000
5.700000,90.000000,-53.003456,0.000000
5.720000,90.000000,-53.031589,0.000000
5.740000,90.000000,-53.059529,0.000000
5.760000,90.000000,-53.087277,0.000000
5.780000,90.000000,-53.114833,0.000000
5.800000,90.000000,-53.142200,0.000000
5.820000,90.000000,-53.169379,0.000000
5.840000,90.000000,-53.196370,0.000000
5.860000,90.000000,-53.223175,0.000000
5.880000,90.000000,-53.249795,0.000000
5.900000,90.000000,-53.276231,0.000000
5.920000,90.000000,-53.302484,0.000000
5.940000,90.000000,-53.328556,0.000000
5.960000,90.000000,-53.354448,0.000000
5.980000,90.000000,-53.380160,0.000000
6.000000,90.000000,-53.405694,0.000000
6.020000,90.000000,-53.431051,0.000000
6.040000,90.000000,-53.456232,0.000000
6.060000,90.000000,-53.481238,0.000000
6.080000,90.000000,-53.506070,0.000000
6.100000,90.000000,-53.530730,0.000000
6.120000,90.000000,-53.555218,0.000000
6.140000,90.000000,-53.579535,0.000000
6.160000,90.000000,-53.603683,0.000000
6.180000,90.000000,-53.627662,0.000000
6.200000,90.000000,-53.651474,0.000000
6.220000,90.000000,-53.675119,0.000000
6.240000,90.000000,-53.698599,0.000000
6.260000,90.000000,-53.721913,0.000000
6.280000,90.000000,-53.745065,0.000000
6.300000,90.000000,-53.768054,0.000000
6.320000,90.000000,-53.790881,0.000000
6.340000,90.000000,-53.813547,0.000000
6.360000,90.000000,-53.836054,0.000000
6.380000,90.000000,-53.858401,0.000000
6.400000,90.000000,-53.880591,0.000000
6.420000,90.000000,-53.902624,0.000000
6.440000,90.000000,-53.924500,0.000000
6.460000,90.000000,-53.946222,0.000000
6.480000,90.000000,-53.967789,0.000000
6.500000,90.000000,-53.989202,0.000000
6.520000,90.000000,-54.010463,0.000000
6.540000,90.000000,-54.031572,0.000000
6.560000,90.000000,-54.052530,0.000000
6.580000,90.000000,-54.073338,0.000000
6.600000,90.000000,-54.093997,0.000000
6.620000,90.000000,-54.114508,0.000000
6.640000,90.000000,-54.134871,0.000000
6.660000,90.000000,-54.155087,0.000000
6.680000,90.000000,-54.175157,0.000000
6.700000,90.000000,-54.195081,0.000000
6.720000,90.000000,-54.214862,0.000000
6.740000,90.000000,-54.234498,0.000000
6.760000,90.000000,-54.253992,0.000000
6.780000,90.000000,-54.273344,0.000000
6.800000,90.000000,-54.292554,0.000000
6.820000,90.000000,-54.311624,0.000000
6.840000,90.000000,-54.330554,0.000000
6.860000,90.000000,-54.349345,0.000000
6.880000,90.000000,-54.367997,0.000000
6.900000,90.000000,-54.386512,0.000000
6.920000,90.000000,-54.404889,0.000000
6.940000,90.000000,-54.423131,0.000000
6.960000,90.000000,-54.441236,0.000000
6.980000,90.000000,-54.459207,0.000000
7.000000,90.000000,-54.477044,0.000000
7.020000,90.000000,-54.494748,0.000000
7.040000,90.000000,-54.512318,0.000000
7.060000,90.000000,-54.529757,0.000000
7.080000,90.000000,-54.547064,0.000000
7.100000,90.000000,-54.564240,0.000000
7.120000,90.000000,-54.581286,0.000000
7.140000,90.000000,-54.598203,0.000000
7.160000,90.000000,-54.614990,0.000000
7.180000,90.000000,-54.631650,0.000000
7.200000,90.000000,-54.648182,0.000000
7.220000,90.000000,-54.664587,0.000000
7.240000,90.000000,-54.680866,0.000000
7.260000,90.000000,-54.697019,0.000000
7.280000,90.000000,-54.713047,0.000000
7.300000,90.000000,-54.728951,0.000000
7.320000,90.000000,-54.744731,0.000000
7.340000,90.000000,-54.760387,0.000000
7.360000,90.000000,-54.775921,0.000000
7.380000,90.000000,-54.791333,0.000000
7.400000,90.000000,-54.806624,0.000000
7.420000,90.000000,-54.821794,0.000000
7.440000,90.000000,-54.836843,0.000000
7.460000,90.000000,-54.851773,0.000000
7.480000,90.000000,-54.866583,0.000000
7.500000,90.000000,-54.881275,0.000000
7.520000,90.000000,-54.895849,0.000000
7.540000,90.000000,-54.910306,0.000000
7.560000,90.000000,-54.924646,0.000000
7.580000,90.000000,-54.938869,0.000000
7.600000,90.000000,-54.952977,0.000000
7.620000,90.000000,-54.966969,0.000000
7.640000,90.000000,-54.980847,0.000000
7.660000,90.000000,-54.994610,0.000000
7.680000,90.000000,-55.008260,0.000000
7.700000,90.000000,-55.021797,0.000000
7.720000,90.000000,-55.035221,0.000000
7.740000,90.000000,-55.048534,0.000000
7.760000,90.000000,-55.061734,0.000000
7.780000,90.000000,-55.074824,0.000000
7.800000,90.000000,-55.087803,0.000000
7.820000,90.000000,-55.100672,0.000000
7.840000,90.000000,-55.113432,0.000000
7.860000,90.000000,-55.126083,0.000000
7.880000,90.000000,-55.138625,0.000000
7.900000,90.000000,-55.151059,0.000000
7.920000,90.000000,-55.163386,0.000000
7.940000,90.000000,-55.175606,0.000000
7.960000,90.000000,-55.187719,0.000000
7.980000,90.000000,-55.199726,0.000000
8.000000,90.000000,-55.211627,0.000000
8.020000,90.000000,-55.223424,0.000000
8.040000,90.000000,-55.235116,0.000000
8.060000,90.000000,-55.246703,0.000000
8.080000,90.000000,-55.258187,0.000000
8.100000,90.000000,-55.269568,0.000000
8.120000,90.000000,-55.280846,0.000000
8.140000,90.000000,-55.292021,0.000000
8.160000,90.000000,-55.303095,0.000000
8.180000,90.000000,-55.314068,0.000000
8.200000,90.000000,-55.324939,0.000000
8.220000,90.000000,-55.335710,0.000000
8.240000,90.000000,-55.346381,0.000000
8.260000,90.000000,-55.356952,0.000000
8.280000,90.000000,-55.367424,0.000000
8.300000,90.000000,-55.377797,0.000000
8.320000,90.000000,-55.388072,0.000000
8.340000,90.000000,-55.398249,0.000000
8.360000,90.000000,-55.408329,0.000000
8.380000,90.000000,-55.418311,0.000000
8.400000,90.000000,-55.428197,0.000000
8.420000,90.000000,-55.437987,0.000000
8.440000,90.000000,-55.447680,0.000000
8.460000,90.000000,-55.457279,0.000000
8.480000,90.000000,-55.466782,0.000000
8.500000,90.000000,-55.476191,0.000000
8.520000,90.000000,-55.485506,0.000000
8.540000,90.000000,-55.494727,0.000000
8.560000,90.000000,-55.503855,0.000000
8.580000,90.000000,-55.512889,0.000000
8.600000,90.000000,-55.521832,0.000000
8.620000,90.000000,-55.530681,0.000000
8.640000,90.000000,-55.539440,0.000000
8.660000,90.000000,-55.548106,0.000000
8.680000,90.000000,-55.556682,0.000000
8.700000,90.000000,-55.565168,0.000000
8.720000,90.000000,-55.573562,0.000000
8.740000,90.000000,-55.581868,0.000000
8.760000,90.000000,-55.590083,0.000000
8.780000,90.000000,-55.598210,0.000000
8.800000,90.000000,-55.606248,0.000000
8.820000,90.000000,-55.614197,0.000000
8.840000,90.000000,-55.622059,0.000000
8.860000,90.000000,-55.629832,0.000000
8.880000,90.000000,-55.637519,0.000000
8.900000,90.000000,-55.645119,0.000000
8.920000,90.000000,-55.652632,0.000000
8.940000,90.000000,-55.660059,0.000000
8.960000,90.000000,-55.667400,0.000000
8.980000,90.000000,-55.674656,0.000000
9.000000,90.000000,-55.681826,0.000000
9.020000,90.000000,-55.688912,0.000000
9.040000,90.000000,-55.695914,0.000000
9.060000,90.000000,-55.702831,0.000000
9.080000,90.000000,-55.709665,0.000000
9.100000,90.000000,-55.716415,0.000000
9.120000,90.000000,-55.723082,0.000000
9.140000,90.000000,-55.729667,0.000000
9.160000,90.000000,-55.736169,0.000000
9.180000,90.000000,-55.742589,0.000000
9.200000,90.000000,-55.748927,0.000000
9.220000,90.000000,-55.755184,0.000000
9.240000,90.000000,-55.761360,0.000000
9.260000,90.000000,-55.767455,0.000000
9.280000,90.000000,-55.773470,0.000000
9.300000,90.000000,-55.779405,0.000000
9.320000,90.000000,-55.785260,0.000000
9.340000,90.000000,-55.791036,0.000000
9.360000,90.000000,-55.796732,0.000000
9.380000,90.000000,-55.802350,0.000000
9.400000,90.000000,-55.807889,0.000000
9.420000,90.000000,-55.813351,0.000000
9.440000,90.000000,-55.818734,0.000000
9.460000,90.000000,-55.824040,0.000000
9.480000,90.000000,-55.829268,0.000000
9.500000,90.000000,-55.834420,0.000000
9.520000,90.000000,-55.839494,0.000000
9.540000,90.000000,-55.844493,0.000000
9.560000,90.000000,-55.849416,0.000000
9.580000,90.000000,-55.854262,0.000000
9.600000,90.000000,-55.859034,0.000000
9.620000,90.000000,-55.863730,0.000000
9.640000,90.000000,-55.868351,0.000000
9.660000,90.000000,-55.872898,0.000000
9.680000,90.000000,-55.877371,0.000000
9.700000,90.000000,-55.881770,0.000000
9.720000,90.000000,-55.886095,0.000000
9.740000,90.000000,-55.890346,0.000000
9.760000,90.000000,-55.894525,0.000000
9.780000,90.000000,-55.898630,0.000000
9.800000,90.000000,-55.902663,0.000000
9.820000,90.000000,-55.906624,0.000000
9.840000,90.000000,-55.910513,0.000000
9.860000,90.000000,-55.914330,0.000000
9.880000,90.000000,-55.918076,0.000000
9.900000,90.000000,-55.921751,0.000000
9.920000,90.000000,-55.925354,0.000000
9.940000,90.000000,-55.928887,0.000000
9.960000,90.000000,-55.932350,0.000000
9.980000,90.000000,-55.935743,0.000000
10.000000,90.000000,-55.939066,0.000000
10.020000,90.000000,-55.942319,0.000000
10.040000,90.000000,-55.945503,0.000000
10.060000,90.000000,-55.948618,0.000000
10.080000,90.000000,-55.951664,0.000000
10.100000,90.000000,-55.954642,0.000000
10.120000,90.000000,-55.957551,0.000000
10.140000,90.000000,-55.960393,0.000000
10.160000,90.000000,-55.963167,0.000000
10.180000,90.000000,-55.965873,0.000000
10.200000,90.000000,-55.968512,0.000000
10.220000,90.000000,-55.971084,0.000000
10.240000,90.000000,-55.973590,0.000000
10.260000,90.000000,-55.976029,0.000000
10.280000,90.000000,-55.978402,0.000000
10.300000,90.000000,-55.980708,0.000000
10.320000,90.000000,-55.982949,0.000000
10.340000,90.000000,-55.985125,0.000000
10.360000,90.000000,-55.987235,0.000000
10.380000,90.000000,-55.989281,0.000000
10.400000,90.000000,-55.991261,0.000000
10.420000,90.000000,-55.993177,0.000000
10.440000,90.000000,-55.995029,0.000000
10.460000,90.000000,-55.996817,0.000000
10.480000,90.000000,-55.998540,0.000000
10.500000,90.000000,-56.000201,0.000000
10.520000,90.000000,-56.001798,0.000000
10.540000,90.000000,-56.003332,0.000000
10.560000,90.000000,-56.004803,0.000000
10.580000,90.000000,-56.006211,0.000000
10.600000,90.000000,-56.007557,0.000000
10.620000,90.000000,-56.008840,0.000000
10.640000,90.000000,-56.010062,0.000000
10.660000,90.000000,-56.011222,0.000000
10.680000,90.000000,-56.012320,0.000000
10.700000,90.000000,-56.013358,0.000000
10.720000,90.000000,-56.014334,0.000000
10.740000,90.000000,-56.015249,0.000000
10.760000,90.000000,-56.016103,0.000000
10.780000,90.000000,-56.016897,0.000000
10.800000,90.000000,-56.017631,0.000000
10.820000,90.000000,-56.018305,0.000000
10.840000,90.000000,-56.018919,0.000000
10.860000,90.000000,-56.019474,0.000000
10.880000,90.000000,-56.019969,0.000000
10.900000,90.000000,-56.020405,0.000000
10.920000,90.000000,-56.020782,0.000000
10.940000,90.000000,-56.021100,0.000000
10.960000,90.000000,-56.021360,0.000000
10.980000,90.000000,-56.021562,0.000000
11.000000,90.000000,-56.021705,0.000000
11.020000,90.000000,-56.021791,0.000000
11.040000,90.000000,-56.021818,0.000000
11.060000,90.000000,-56.021789,0.000000
11.080000,90.000000,-56.021702,0.000000
11.100000,90.000000,-56.021558,0.000000
11.120000,90.000000,-56.021357,0.000000
11.140000,90.000000,-56.021099,0.000000
11.160000,90.000000,-56.020785,0.000000
11.180000,90.000000,-56.020414,0.000000
11.200000,90.000000,-56.019988,0.000000
11.220000,90.000000,-56.019505,0.000000
11.240000,90.000000,-56.018967,0.000000
11.260000,90.000000,-56.018373,0.000000
11.280000,90.000000,-56.017724,0.000000
11.300000,90.000000,-56.017020,0.000000
11.320000,90.000000,-56.016261,0.000000
11.340000,90.000000,-56.015447,0.000000
11.360000,90.000000,-56.014578,0.000000
11.380000,90.000000,-56.013655,0.000000
11.400000,90.000000,-56.012678,0.000000
11.420000,90.000000,-56.011647,0.000000
11.440000,90.000000,-56.010562,0.000000
11.460000,90.000000,-56.009423,0.000000
11.480000,90.000000,-56.008231,0.000000
11.500000,90.000000,-56.006986,0.000000
11.520000,90.000000,-56.005687,0.000000
11.540000,90.000000,-56.004336,0.000000
11.560000,90.000000,-56.002931,0.000000
11.580000,90.000000,-56.001475,0.000000
11.600000,90.000000,-55.999965,0.000000
11.620000,90.000000,-55.998404,0.000000
11.640000,90.000000,-55.996790,0.000000
11.660000,90.000000,-55.995125,0.000000
11.680000,90.000000,-55.993408,0.000000
11.700000,90.000000,-55.991640,0.000000
11.720000,90.000000,-55.989820,0.000000
11.740000,90.000000,-55.987949,0.000000
11.760000,90.000000,-55.986027,0.000000
11.780000,90.000000,-55.984054,0.000000
11.800000,90.000000,-55.982030,0.000000
11.820000,90.000000,-55.979956,0.000000
11.840000,90.000000,-55.977831,0.000000
11.860000,90.000000,-55.975657,0.000000
11.880000,90.000000,-55.973432,0.000000
11.900000,90.000000,-55.971158,0.000000
11.920000,90.000000,-55.968834,0.000000
11.940000,90.000000,-55.966460,0.000000
11.960000,90.000000,-55.964037,0.000000
11.980000,90.000000,-55.961565,0.000000
12.000000,90.000000,-55.959043,0.000000
12.020000,90.000000,-55.956473,0.000000
12.040000,90.000000,-55.953854,0.000000
